date,index1,index2,loss_profits,pred_date,prediction,real,0.634020619,12.86788618,-9.290845024,31.4,-25.75000017,,,BT,BB,실재지수,에측지수,
2017-07-10,310.8,314.3000001,3.500000137,2017-10-09,1.142104745,1.12612617,,,,,,4.917685656,2017-10-09,324.1353714,304.4646288,314.3000001,314.3496615,1
2017-07-11,312.7,320.1499998,7.449999756,2017-10-10,1.462302685,2.382475138,,,,,,5.023503413,2017-10-10,330.1970066,310.1029929,320.1499998,317.2726205,1
2017-07-12,312.6,323.2499997,10.64999974,2017-10-11,2.378669739,3.406909704,,,,,,5.214620603,2017-10-11,333.6792409,312.8207585,323.2499997,320.0357216,1
2017-07-13,316.55,325.6499997,-9.099999673,2017-10-12,-1.221164227,2.874743223,,,,,,5.451959444,2017-10-12,336.5539186,314.7460808,325.6499997,312.6844046,0
2017-07-14,316.7,325.3000002,8.600000195,2017-10-13,2.486912727,2.715503693,,,,,,5.661527234,2017-10-13,336.6230547,313.9769457,325.3000002,324.5760526,1
2017-07-17,317.5,325.5,7.99999997,2017-10-16,0.221742302,2.51968503,,,,,,5.85768777,2017-10-16,337.2153755,313.7846244,325.5,318.2040318,1
2017-07-18,318.05,325.7999998,7.749999757,2017-10-17,1.16021955,2.436723709,,,,,,6.047734795,2017-10-17,337.8954693,313.7045302,325.7999998,321.7400783,1
2017-07-19,318.7,325.8500003,-7.150000289,2017-10-18,-0.767000616,2.243489265,,,,,,6.222146879,2017-10-18,338.294294,313.4057065,325.8500003,316.255569,0
2017-07-20,319.6,324.1,4.499999979,2017-10-19,1.402510524,1.408010006,,,,,,6.323733626,2017-10-19,336.7474672,311.4525327,324.1,324.0824236,1
2017-07-21,321.1,326.2499999,5.149999885,2017-10-20,5.359244823,1.60386169,,,,,,6.45987309,2017-10-20,339.1697461,313.3302537,326.2499999,338.3085351,1
2017-07-24,321.25,327.05,5.799999963,2017-10-23,2.432236433,1.805447459,,,,,,6.615194394,2017-10-23,340.2803888,313.8196112,327.05,329.0635595,1
2017-07-25,319.65,326.5500003,6.900000251,2017-10-24,2.907006264,2.158611059,,,,,,6.777117449,2017-10-24,340.1042351,312.9957654,326.5500003,328.9422455,1
2017-07-26,318.95,326.7500002,-7.800000246,2017-10-25,-1.501908898,2.445524454,,,,,,6.949258659,2017-10-25,340.6485176,312.8514829,326.7500002,314.1596616,0
2017-07-27,319.85,323.7500002,3.900000165,2017-10-26,3.521211386,1.219321609,,,,,,7.023866166,2017-10-26,337.7977325,309.7022678,323.7500002,331.1125946,1
2017-07-28,312.55,326.8499995,14.29999948,2017-10-27,10.76025486,4.575267792,,,,,,7.221924668,2017-10-27,341.2938488,312.4061501,326.8499995,346.1811766,0
2017-07-31,313.55,327.4500007,13.9000007,2017-10-30,3.381197929,4.433104992,,,,,,7.42644241,2017-10-30,342.3028855,312.5971159,327.4500007,324.1517461,1
2017-08-01,316.55,331.0500003,14.50000032,2017-10-31,2.677128077,4.580635071,,,,,,7.72486487,2017-10-31,346.4997301,315.6002706,331.0500003,325.0244489,1
2017-08-02,317.15,336.5499993,19.39999929,2017-11-01,0.112800092,6.116979122,,,,,,8.2105999,2017-11-01,352.9711991,320.1287995,336.5499993,317.5077455,0
2017-08-03,311.65,335.0499998,23.39999982,2017-11-02,4.909356117,7.508422852,,,,,,8.599430256,2017-11-02,352.2488603,317.8511393,335.0499998,326.9500083,1
2017-08-04,312.85,336.3500004,23.50000038,2017-11-03,4.518188953,7.511587143,,,,,,9.00929588,2017-11-03,354.3685921,318.3314086,336.3500004,326.9851541,1
2017-08-07,312.9,334.1499995,21.24999952,2017-11-06,0.76957792,6.791306973,,,,,,9.314030076,2017-11-06,352.7780597,315.5219394,334.1499995,315.3080093,0
2017-08-08,312.85,333.7499995,20.89999954,2017-11-07,2.471347332,6.680517673,,,,,,9.585625506,2017-11-07,352.9212506,314.5787485,333.7499995,320.5816101,1
2017-08-09,308.65,335.2499987,26.5999987,2017-11-08,3.967039108,8.618175507,,,,,,9.848415531,2017-11-08,354.9468298,315.5531676,335.2499987,320.8942662,1
2017-08-10,307.25,333.6500013,26.40000125,2017-11-09,6.185087681,8.592351913,,,,,,10.0242763,2017-11-09,353.6985539,313.6014486,333.6500013,326.2536819,1
2017-08-11,301.5,332.9,31.4,2017-11-10,8.889713287,10.4145937,,,,,,10.05074624,2017-11-10,353.0014925,312.7985075,332.9,328.3024856,1
2017-08-14,304.6,331.5499987,26.9499987,2017-11-13,7.904090405,8.847668648,,,,,,10.09120797,2017-11-13,351.7324146,311.3675828,331.5499987,328.6758594,1
2017-08-15,304.6,331.3000008,26.70000079,2017-11-14,9.053572655,8.765594482,,,,,,10.10896927,2017-11-14,351.5179393,311.0820623,331.3000008,332.1771823,1
2017-08-16,306.25,329.1499999,22.89999989,2017-11-15,4.960014343,7.477550983,,,,,,10.10183318,2017-11-15,349.3536663,308.9463335,329.1499999,321.4400439,1
2017-08-17,307.9,331.3000004,23.40000036,2017-11-16,7.751979351,7.599870205,,,,,,10.1503003,2017-11-16,351.600601,310.9993998,331.3000004,331.7683444,1
2017-08-18,307.75,330.9500003,23.20000031,2017-11-17,4.965447903,7.538586617,,,,,,10.17647457,2017-11-17,351.3029494,310.5970512,330.9500003,323.0311659,1
2017-08-21,307.05,329.4500005,22.40000052,2017-11-20,11.92215443,7.295228958,,,,,,10.15178745,2017-11-20,349.7535754,309.1464256,329.4500005,343.6569752,1
2017-08-22,308.7,330.8499999,22.14999986,2017-11-21,10.12557125,7.175251007,,,,,,10.16764092,2017-11-21,351.1852817,310.514718,330.8499999,339.9576385,1
2017-08-23,308.6,332.5500006,23.95000061,2017-11-22,3.330954075,7.760855675,,,,,,10.20110659,2017-11-22,352.9522138,312.1477874,332.5500006,318.8793243,1
2017-08-24,310.1,331.4499998,21.34999978,2017-11-23,6.211216927,6.884875774,,,,,,10.22600498,2017-11-23,351.9020097,310.9979898,331.4499998,329.3609837,1
2017-08-25,310.25,332.2499994,21.99999936,2017-11-24,0.415820658,7.091055393,,,,,,10.25634302,2017-11-24,352.7626854,311.7373133,332.2499994,311.5400836,0
2017-08-28,308.2,325.8999996,17.69999957,2017-11-27,8.948637962,5.743023872,,,,,,10.15876327,2017-11-27,346.2175261,305.582473,325.8999996,335.7797022,1
2017-08-29,307.15,327.7000004,20.55000043,2017-11-28,5.099440098,6.690542221,,,,,,10.04686405,2017-11-28,347.7937285,307.6062723,327.7000004,322.8129303,1
2017-08-30,309,327.6999994,18.69999942,2017-11-29,4.716232777,6.051779747,,,,,,9.962235604,2017-11-29,347.6244706,307.7755282,327.6999994,323.5731593,1
2017-08-31,306.65,322.2500002,15.6000002,2017-11-30,2.260628939,5.087233067,,,,,,9.787933297,2017-11-30,341.8258668,302.6741336,322.2500002,313.5822186,1
2017-09-01,306.3,321.8499999,15.54999993,2017-12-01,0.806629896,5.076722145,,,,,,9.59549411,2017-12-01,341.0409882,302.6590117,321.8499999,308.7707074,1
2017-09-04,303.5,324.9999997,21.49999967,2017-12-04,4.636237144,7.084019661,,,,,,9.318915446,2017-12-04,343.6378306,306.3621688,324.9999997,317.5709797,1
2017-09-05,302.7,326.5999995,23.89999949,2017-12-05,3.571503401,7.895606041,,,,,,9.003600375,2017-12-05,344.6072002,308.5927987,326.5999995,313.5109408,1
2017-09-06,302.3,321.6499996,19.34999964,2017-12-06,3.48338604,6.400926113,,,,,,8.635312119,2017-12-06,338.9206239,304.3793754,321.6499996,312.830276,1
2017-09-07,306.2,320.6999998,14.49999982,2017-12-07,0.192468852,4.735466957,,,,,,8.381588826,2017-12-07,337.4631775,303.9368222,320.6999998,306.7893396,1
2017-09-08,306.25,321.4000007,15.15000066,2017-12-08,3.904173851,4.946938992,,,,,,8.112302949,2017-12-08,337.6246066,305.1753948,321.4000007,318.2065324,1
2017-09-11,309.25,321.4999999,12.24999994,2017-12-11,2.009461164,3.961196423,,,,,,7.920275451,2017-12-11,337.3405508,305.659449,321.4999999,315.4642587,1
2017-09-12,309.2,320.4500001,11.25000012,2017-12-12,1.246999621,3.638421774,,,,,,7.723113256,2017-12-12,335.8962266,305.0037736,320.4500001,313.0557228,1
2017-09-13,308.55,322.85,-14.29999995,2017-12-13,-0.653154731,4.634581089,,,,,,7.485265334,2017-12-13,337.8205306,307.8794693,322.85,306.5346911,0
2017-09-14,310.25,324.2999999,14.04999992,2017-12-14,0.663893759,4.528605938,,,,,,7.28497969,2017-12-14,338.8699593,309.7300405,324.2999999,312.3097304,1
2017-09-15,311.2,322.7500001,-11.55000006,2017-12-15,-0.067664422,3.71143961,,,,,,7.103498089,2017-12-15,336.9569962,308.5430039,322.7500001,310.9894283,0
2017-09-18,316.7,324.1499997,-7.449999659,2017-12-18,-0.963517547,2.352383852,,,,,,7.038789163,2017-12-18,338.227578,310.0724213,324.1499997,313.6485399,0
2017-09-19,316.05,323.85,-7.800000013,2017-12-19,-1.004381776,2.467963934,,,,,,6.960032535,2017-12-19,337.7700651,309.9299349,323.85,312.8756514,0
2017-09-20,315.8,323.55,-7.75000003,2017-12-20,-3.415812254,2.454084873,,,,,,6.873939866,2017-12-20,337.2978798,309.8021203,323.55,305.0128649,0
2017-09-21,316.05,316.85,-0.799999999,2017-12-21,-1.184459805,0.253124505,,,,,,6.858996847,2017-12-21,330.5679937,303.1320063,316.85,312.3065148,0
2017-09-22,313.75,318.5000001,-4.750000142,2017-12-22,-1.070065379,1.513944268,,,,,,6.765560945,2017-12-22,332.031122,304.9688783,318.5000001,310.3926699,0
2017-09-25,313.8,318.4999999,4.699999864,2017-12-25,1.604678869,1.497769237,,,,,,6.671295789,2017-12-25,331.8425914,305.1574083,318.4999999,318.8354823,1
2017-09-26,311.8,317.4500001,5.650000102,2017-12-26,1.199087024,1.812059045,,,,,,6.534540899,2017-12-26,330.5190819,304.3809183,317.4500001,315.5387533,1
2017-09-27,311.4,321.2000003,9.800000266,2017-12-27,3.275420189,3.147077799,,,,,,6.328058986,2017-12-27,333.8561182,308.5438823,321.2000003,321.5996585,1
2017-09-28,311.6,325.6500004,14.05000036,2017-12-28,6.026579857,4.508985996,,,,,,6.097287484,2017-12-28,337.8445753,313.4554254,325.6500004,330.3788228,1
2017-09-29,314.3,325.6499996,11.34999965,2017-12-29,2.663896322,3.611199379,,,,,,5.938860168,2017-12-29,337.52772,313.7722793,325.6499996,322.6726261,1
2017-10-02,314.3,325.6499996,11.34999965,2018-01-01,8.139374733,3.611199379,,,,,,5.770725399,2018-01-01,337.1914504,314.1085488,325.6499996,339.8820548,0
2017-10-03,314.3,326.4999996,12.19999963,2018-01-02,8.006948471,3.881641626,,,,,,5.592674424,2018-01-02,337.6853485,315.3146508,326.4999996,339.465839,0
2017-10-04,314.3,327.6999998,13.39999983,2018-01-03,9.804785728,4.263442516,,,,,,5.405970924,2018-01-03,338.5119417,316.888058,327.6999998,345.1164415,0
2017-10-05,314.3,325.0000003,10.70000032,2018-01-04,6.476844788,3.404390812,,,,,,5.203018724,2018-01-04,335.4060378,314.5939629,325.0000003,334.6567232,1
2017-10-06,314.3,328.9500004,14.65000038,2018-01-05,4.003305435,4.661151886,,,,,,4.993831171,2018-01-05,338.9376627,318.962338,328.9500004,326.882389,1
2017-10-09,314.3,331.2500001,16.95000007,2018-01-08,5.183013916,5.392936707,,,,,,4.790699247,2018-01-08,340.8313986,321.6686016,331.2500001,330.5902127,1
2017-10-10,320.15,330.4500003,10.30000027,2018-01-09,3.166189194,3.217242002,,,,,,4.742181952,2018-01-09,339.9343642,320.9656364,330.4500003,330.2865547,1
2017-10-11,323.25,327.85,4.600000025,2018-01-10,2.831252813,1.423047185,,,,,,4.722413949,2018-01-10,337.2948279,318.4051721,327.85,332.4020247,1
2017-10-12,325.65,326.5,0.849999999,2018-01-11,1.288110614,0.261016428,,,,,,4.720111559,2018-01-11,335.9402231,317.0597769,326.5,329.8447322,1
2017-10-13,325.3,326.85,1.550000031,2018-01-12,1.344321728,0.476483256,,,,,,4.715815376,2018-01-12,336.2816308,317.4183693,326.85,329.6730786,1
2017-10-16,325.5,327.3,1.799999974,2018-01-15,0.711644232,0.552995384,,,,,,4.712607502,2018-01-15,336.725215,317.874785,327.3,327.816402,1
2017-10-17,325.8,330.5000002,4.70000016,2018-01-16,0.673806429,1.442602873,,,,,,4.730685301,2018-01-16,339.9613708,321.0386296,330.5000002,327.9952613,1
2017-10-18,325.85,329.2000002,3.35000019,2018-01-17,0.848705411,1.028080463,,,,,,4.735942381,2018-01-17,338.671885,319.7281154,329.2000002,328.6155066,1
2017-10-19,324.1,329.4000001,5.30000009,2018-01-18,2.158564568,1.635297775,,,,,,4.729535496,2018-01-18,338.8590711,319.9409291,329.4000001,331.0959078,1
2017-10-20,326.25,329.6000001,3.350000069,2018-01-19,2.095549583,1.026819944,,,,,,4.737743803,2018-01-19,339.0754877,320.1245125,329.6000001,333.0867305,1
2017-10-23,327.05,326.25,-0.800000016,2018-01-22,1.155712128,-0.244610921,,,,,,4.739200781,2018-01-22,335.7284015,316.7715984,326.25,330.8297565,0
2017-10-24,326.55,331.2500001,4.70000009,2018-01-23,2.331069469,1.43928957,,,,,,4.764972859,2018-01-23,340.7799458,321.7200544,331.2500001,334.1621074,1
2017-10-25,326.75,331.6000002,4.850000165,2018-01-24,1.163209558,1.484315276,,,,,,4.794608601,2018-01-24,341.1892174,322.010783,331.6000002,330.5507872,1
2017-10-26,323.75,334.3,-10.55,2018-01-25,-0.470904291,3.258687258,,,,,,4.849332453,2018-01-25,343.9986649,324.6013351,334.3,322.2254474,0
2017-10-27,326.85,335.9500001,9.100000134,2018-01-26,1.428739429,2.784151793,,,,,,4.960206673,2018-01-26,345.8704135,326.0295868,335.9500001,331.5198348,1
2017-10-30,327.45,338.5000002,-11.05000023,2018-01-29,-1.104207754,3.374561071,,,,,,5.139521523,2018-01-29,348.7790433,328.2209572,338.5000002,323.8342717,0
2017-10-31,331.05,333.8999999,2.849999928,2018-01-30,5.757863522,0.860897124,,,,,,5.179548818,2018-01-30,344.2590976,323.5409023,333.8999999,350.1114072,0
2017-11-01,336.55,334.45,-2.100000028,2018-01-31,2.190608025,-0.623978615,,,,,,5.130812839,2018-01-31,344.7116256,324.1883743,334.45,343.9224913,0
2017-11-02,335.05,333.65,-1.399999993,2018-02-01,2.896016598,-0.41784808,,,,,,5.102880031,2018-02-01,343.8557601,323.4442399,333.65,344.7531036,0
2017-11-03,336.35,327.3999999,-8.95000009,2018-02-02,0.678129196,-2.660918713,,,,,,4.988176887,2018-02-02,337.3763537,317.4236461,327.3999999,338.6308876,0
2017-11-06,334.15,322.9999996,-11.15000038,2018-02-05,1.764536858,-3.336824894,,,,,,4.953370914,2018-02-05,332.9067414,313.0932578,322.9999996,340.0461999,0
2017-11-07,333.75,317.6500007,-16.09999934,2018-02-06,2.718170881,-4.823969841,,,,,,5.037585058,2018-02-06,327.7251708,307.5748305,317.6500007,342.8218953,0
2017-11-08,335.25,309.4999998,-25.75000017,2018-02-07,2.707925797,-7.680835247,,,,,,5.398100294,2018-02-07,320.2962004,298.7037992,309.4999998,344.3283212,0
2017-11-09,333.65,312.5000005,-21.14999948,2018-02-08,0.697898984,-6.338977814,,,,,,5.615026414,2018-02-08,323.7300534,301.2699477,312.5000005,335.97854,0
2017-11-10,332.9,303.8500005,29.04999954,2018-02-09,-0.284777999,-8.726344109,,,,,,6.223028051,2018-02-09,316.2960566,291.4039444,303.8500005,331.951974,0
2017-11-13,331.55,308.0999999,23.45000015,2018-02-12,-1.825941086,-7.072839737,,,,,,6.570968894,2018-02-12,321.2419376,294.9580621,308.0999999,325.4960923,0
2017-11-14,331.3,311.4000002,19.89999976,2018-02-13,-0.698752761,-6.006640434,,,,,,6.767536693,2018-02-13,324.9350736,297.8649269,311.4000002,328.9850321,0
2017-11-15,329.15,314.2999995,14.85000052,2018-02-14,-1.870260358,-4.511620998,,,,,,6.888979668,2018-02-14,328.0779588,300.5220401,314.2999995,322.994038,1
2017-11-16,331.3,314.3,16.99999997,2018-02-15,-0.904523075,-5.131300926,,,,,,6.975342044,2018-02-15,328.2506841,300.3493159,314.3,328.3033151,0
2017-11-17,330.95,314.2999997,-16.65000027,2018-02-16,0.105437309,-5.030971527,,,,,,7.055811418,2018-02-16,328.4116226,300.1883769,314.2999997,331.2989448,0
2017-11-20,329.45,316.2500006,-13.19999944,2018-02-19,0.606086135,-4.006677628,,,,,,7.105777291,2018-02-19,330.4615551,302.038446,316.2500006,331.4467508,0
2017-11-21,330.85,312.0000003,-18.84999966,2018-02-20,0.617046297,-5.697445869,,,,,,7.224730248,2018-02-20,326.4494608,297.5505398,312.0000003,332.8914977,0
2017-11-22,332.55,314.0500002,-18.49999979,2018-02-21,0.450997621,-5.563073158,,,,,,7.253940159,2018-02-21,328.5578805,299.5421199,314.0500002,334.0497926,0
2017-11-23,331.45,311.8500004,-19.59999964,2018-02-22,2.31212163,-5.913410664,,,,,,7.341582291,2018-02-22,326.5331649,297.1668358,311.8500004,339.1135271,0
2017-11-24,332.25,316.9499999,-15.30000008,2018-02-23,1.493146896,-4.604966164,,,,,,7.304693647,2018-02-23,331.5593872,302.3406126,316.9499999,337.2109806,0
2017-11-27,325.9,317.0999998,-8.800000238,2018-02-26,4.76724577,-2.700214863,,,,,,7.338209489,2018-02-26,331.7764187,302.4235808,317.0999998,341.436454,0
2017-11-28,327.7,315.7500004,-11.94999964,2018-02-27,1.840541959,-3.646627903,,,,,,7.373746064,2018-02-27,330.4974925,301.0025082,315.7500004,333.731456,0
2017-11-29,327.7,312.4500005,-15.24999948,2018-02-28,3.486505747,-4.653646469,,,,,,7.464980582,2018-02-28,327.3799617,297.5200394,312.4500005,339.1252793,0
2017-11-30,322.25,312.4499999,9.800000149,2018-03-01,-1.121847749,-3.041117191,,,,,,7.574393699,2018-03-01,327.5987872,297.3012125,312.4499999,318.6348456,1
2017-12-01,321.85,308.1499997,-13.70000031,2018-03-02,1.548765659,-4.256641388,,,,,,7.784631679,2018-03-02,323.7192631,292.5807363,308.1499997,326.8347023,0
2017-12-04,325,303.8499999,21.1500001,2018-03-05,-1.554151535,-6.507692337,,,,,,8.111001254,2018-03-05,320.0720024,287.6279974,303.8499999,319.9490075,1
2017-12-05,326.6,310.2999992,16.30000076,2018-03-06,-3.16840601,-4.990814686,,,,,,8.221287595,2018-03-06,326.7425744,293.857424,310.2999992,316.251986,1
2017-12-06,321.65,310.4500002,11.19999983,2018-03-07,-0.299374998,-3.48204565,,,,,,8.342252999,2018-03-07,327.1345062,293.7654942,310.4500002,320.6870603,1
2017-12-07,320.7,313.6000002,-7.09999976,2018-03-08,0.366756946,-2.213907003,,,,,,8.40166879,2018-03-08,330.4033378,296.7966627,313.6000002,321.8761895,0
2017-12-08,321.4,317.1,4.300000009,2018-03-09,-1.519119978,-1.337896705,,,,,,8.420010934,2018-03-09,333.9400219,300.2599781,317.1,316.5175484,1
2017-12-11,321.5,320.1,-1.399999976,2018-03-12,0.369954139,-0.435458779,,,,,,8.421835316,2018-03-12,336.9436707,303.2563294,320.1,322.6894026,0
2017-12-12,320.45,321.5,-1.050000013,2018-03-13,-0.806449592,0.327664226,,,,,,8.420813272,2018-03-13,338.3416266,304.6583735,321.5,317.8657323,0
2017-12-13,322.85,321.55,-1.299999973,2018-03-14,0.610809386,-0.402663767,,,,,,8.41911901,2018-03-14,338.388238,304.711762,321.55,324.8219981,0
2017-12-14,324.3,322.85,1.450000047,2018-03-15,-0.153147072,-0.447116882,,,,,,8.413470055,2018-03-15,339.6769401,306.0230598,322.85,323.803344,1
2017-12-15,322.75,322,-0.750000014,2018-03-16,4.371357918,-0.232378006,,,,,,8.41219496,2018-03-16,338.8243899,305.1756101,322,336.8585577,0
2017-12-18,324.15,319.8500001,-4.299999868,2018-03-19,6.246765137,-1.326546311,,,,,,8.407567419,2018-03-19,336.665135,303.0348653,319.8500001,344.3988892,0
2017-12-19,323.85,321.3000001,-2.549999942,2018-03-20,2.437841892,-0.787401557,,,,,,8.401845822,2018-03-20,338.1036917,304.4963084,321.3000001,331.744951,0
2017-12-20,323.55,321.6,-1.949999964,2018-03-21,2.874667645,-0.602688909,,,,,,8.397342256,2018-03-21,338.3946845,304.8053155,321.6,332.8509872,0
2017-12-21,316.85,322.1,5.249999984,2018-03-22,2.499785662,1.656935453,,,,,,8.37891929,2018-03-22,338.8578386,305.3421614,322.1,324.7705709,1
2017-12-22,318.5,311.4999997,-7.000000342,2018-03-23,3.087265253,-2.197802305,,,,,,8.461343944,2018-03-23,328.4226875,294.5773118,311.4999997,328.3329398,0
2017-12-25,318.5,314.5000002,-3.999999816,2018-03-26,4.12566328,-1.255886912,,,,,,8.496436753,2018-03-26,331.4928737,297.5071267,314.5000002,331.6402375,0
2017-12-26,317.45,315.15,-2.299999991,2018-03-27,3.858575583,-0.724523544,,,,,,8.517189068,2018-03-27,332.1843781,298.1156219,315.15,329.6990482,0
2017-12-27,321.2,310.6500003,-10.54999972,2018-03-28,4.062644958,-3.284557819,,,,,,8.617022718,2018-03-28,327.8840457,293.4159548,310.6500003,334.2492156,0
2017-12-28,325.65,314.4500001,-11.1999999,2018-03-29,2.799300194,-3.439275265,,,,,,8.635203204,2018-03-29,331.7204065,297.1795937,314.4500001,334.7659211,0
2017-12-29,325.65,314.5500002,-11.09999983,2018-03-30,0.225278661,-3.408567429,,,,,,8.648742197,2018-03-30,331.8474846,297.2525158,314.5500002,326.38362,0
2018-01-01,325.65,313.4500002,-12.19999981,2018-04-02,2.840886116,-3.746353388,,,,,,8.671752676,2018-04-02,330.7935055,296.1064948,313.4500002,334.9013456,0
2018-01-02,326.5,312.8000005,-13.69999949,2018-04-03,1.232121944,-4.196018219,,,,,,8.690151989,2018-04-03,330.1803045,295.4196965,312.8000005,330.5228781,0
2018-01-03,327.7,307.5499999,-20.1500001,2018-04-04,0.0919699,-6.148916721,,,,,,8.780645852,2018-04-04,325.1112916,289.9887082,307.5499999,328.0013854,0
2018-01-04,325,312.9499997,-12.05000025,2018-04-05,1.428826571,-3.707692385,,,,,,8.800202959,2018-04-05,330.5504057,295.3495938,312.9499997,329.6436864,0
2018-01-05,328.95,311.1999995,-17.75000053,2018-04-06,0.81270659,-5.395956993,,,,,,8.787077829,2018-04-06,328.7741551,293.6258438,311.1999995,331.6233983,0
2018-01-08,331.25,312.9499993,18.30000067,2018-04-09,-0.119365126,-5.524528503,,,,,,8.698167427,2018-04-09,330.3463342,295.5536645,312.9499993,330.854603,0
2018-01-09,330.45,313.4500005,16.99999952,2018-04-10,-1.572017431,-5.144499779,,,,,,8.611002647,2018-04-10,330.6720058,296.2279952,313.4500005,325.2552684,1
2018-01-10,327.85,312.4500006,-15.39999942,2018-04-11,0.372648716,-4.697269917,,,,,,8.574900832,2018-04-11,329.5998022,295.3001989,312.4500006,329.0717288,0
2018-01-11,326.5,311.75,-14.75,2018-04-12,2.930699825,-4.517611027,,,,,,8.561555254,2018-04-12,328.8731105,294.6268895,311.75,336.0687349,0
2018-01-12,326.85,314.4500002,12.39999983,2018-04-13,-0.583409727,-3.793789148,,,,,,8.510940216,2018-04-13,331.4718806,297.4281197,314.4500002,324.9431253,1
2018-01-15,327.3,314.3000002,-12.99999978,2018-04-16,0.012762508,-3.971891165,,,,,,8.449251645,2018-04-16,331.1985035,297.4014969,314.3000002,327.3417717,0
2018-01-16,330.5,314.3999998,16.10000024,2018-04-17,-2.012586594,-4.871407032,,,,,,8.315728118,2018-04-17,331.031456,297.7685435,314.3999998,323.8484013,1
2018-01-17,329.2,317.6,11.59999999,2018-04-18,-0.409811437,-3.5236938,,,,,,8.192488791,2018-04-18,333.9849776,301.2150224,317.6,327.8509007,1
2018-01-18,329.4,318.9999999,10.40000011,2018-04-19,-0.92695719,-3.15725565,,,,,,8.060885348,2018-04-19,335.1217706,302.8782292,318.9999999,326.346603,1
2018-01-19,329.6,316.8999999,12.70000011,2018-04-20,-0.091365293,-3.853155375,,,,,,7.916586015,2018-04-20,332.7331719,301.0668279,316.8999999,329.29886,1
2018-01-22,326.25,317.1000003,9.149999723,2018-04-23,-0.314901769,-2.804597616,,,,,,7.836679736,2018-04-23,332.7733597,301.4266408,317.1000003,325.222633,1
2018-01-23,331.25,315.3499994,15.90000063,2018-04-24,-0.973562479,-4.800000191,,,,,,7.636948787,2018-04-24,330.6238969,300.0761018,315.3499994,328.0250743,1
2018-01-24,331.6,312.9499999,-18.65000014,2018-04-25,1.181483626,-5.62424612,,,,,,7.425657022,2018-04-25,327.8013139,298.0986858,312.9499999,335.5177997,0
2018-01-25,334.3,317.4500001,16.84999991,2018-04-26,-0.344040155,-5.040382862,,,,,,7.086997167,2018-04-26,331.6239944,303.2760058,317.4500001,333.1498738,0
2018-01-26,335.95,320.1500005,15.79999946,2018-04-27,-2.704786062,-4.703080654,,,,,,6.664760224,2018-04-27,333.479521,306.8204801,320.1500005,326.8632712,1
2018-01-29,338.5,321.6500005,16.84999952,2018-04-30,-0.077467196,-4.977843285,,,,,,6.085073261,2018-04-30,333.820147,309.479854,321.6500005,338.2377735,0
2018-01-30,333.9,321.6499998,-12.25000019,2018-05-01,2.776587486,-3.668763161,,,,,,5.69646198,2018-05-01,333.0429238,310.2570758,321.6499998,343.1710256,0
2018-01-31,334.45,319.7500008,14.69999922,2018-05-02,-1.786789656,-4.395275593,,,,,,5.212523404,2018-05-02,330.1750476,309.324954,319.7500008,328.474082,1
2018-02-01,333.65,317.9999995,15.65000048,2018-05-03,-0.04041167,-4.690544128,,,,,,4.696735133,2018-05-03,327.3934698,308.6065292,317.9999995,333.5151665,0
2018-02-02,327.4,316.4499998,-10.95000015,2018-05-04,6.84427309,-3.344532728,,,,,,4.443839864,2018-05-04,325.3376796,307.5623201,316.4499998,349.8081501,0
2018-02-05,323,316.4500001,-6.549999883,2018-05-07,10.56020641,-2.027863741,,,,,,4.334481326,2018-05-07,325.1189628,307.7810375,316.4500001,357.1094667,0
2018-02-06,317.65,314.05,-3.599999985,2018-05-08,8.330827713,-1.133322835,,,,,,4.322876035,2018-05-08,322.6957521,305.4042479,314.05,344.1128742,0
2018-02-07,309.5,314.0499999,4.549999856,2018-05-09,4.10285902,1.470113039,,,,,,4.270104034,2018-05-09,322.5902079,305.5097918,314.0499999,322.1983487,1
2018-02-08,312.5,315.8500001,3.350000083,2018-05-10,2.916047812,1.072000027,,,,,,4.259671829,2018-05-10,324.3693437,307.3306564,315.8500001,321.6126494,1
2018-02-09,303.85,317.65,13.80000002,2018-05-11,4.822269917,4.541714668,,,,,,4.03042411,2018-05-11,325.7108482,309.5891518,317.65,318.5024671,1
2018-02-12,308.1,316.8500001,8.750000069,2018-05-14,2.778867245,2.83998704,,,,,,3.932371966,2018-05-14,324.714744,308.9852561,316.8500001,316.66169,1
2018-02-13,311.4,313.75,2.34999995,2018-05-15,5.476157665,0.754656374,,,,,,3.905756046,2018-05-15,321.561512,305.9384879,313.75,328.452755,0
2018-02-14,314.3,314.9,-0.600000005,2018-05-16,-2.048007488,0.190900415,,,,,,3.903742965,2018-05-16,322.7074859,307.0925141,314.9,307.8631125,0
2018-02-15,314.3,313.4,0.899999961,2018-05-17,-3.455711365,-0.286350608,,,,,,3.90945261,2018-05-17,321.2189053,305.5810948,313.4,303.4386992,0
2018-02-16,314.3,314.75,-0.44999998,2018-05-18,-2.484840155,0.143175304,,,,,,3.907819762,2018-05-18,322.5656395,306.9343605,314.75,306.4901474,0
2018-02-19,316.25,315.1,1.150000034,2018-05-21,-0.869453013,-0.363636374,,,,,,3.906680669,2018-05-21,322.9133613,307.2866386,315.1,313.5003548,1
2018-02-20,312,315.1,3.100000048,2018-05-22,2.342057943,0.993589759,,,,,,3.883147762,2018-05-22,322.8662956,307.3337045,315.1,319.3072208,1
2018-02-21,314.05,317.1499999,-3.099999921,2018-05-23,-2.718567848,0.987103939,,,,,,3.884519634,2018-05-23,324.9190392,309.3809607,317.1499999,305.5123377,0
2018-02-22,311.85,316.5499999,-4.699999859,2018-05-24,-4.32472229,1.507134795,,,,,,3.858913259,2018-05-24,324.2678264,308.8321733,316.5499999,298.3633535,0
2018-02-23,316.95,317.3,-0.350000005,2018-05-25,-1.016907811,0.110427514,,,,,,3.861089642,2018-05-25,325.0221793,309.5778207,317.3,313.7269107,0
2018-02-26,317.1,318.1,-0.999999975,2018-05-28,-2.887253284,0.315357924,,,,,,3.869177853,2018-05-28,325.8383557,310.3616443,318.1,307.9445198,0
2018-02-27,315.75,314.9,0.850000026,2018-05-29,-1.159903049,-0.269200325,,,,,,3.870123017,2018-05-29,322.640246,307.1597539,314.9,312.0876061,1
2018-02-28,312.45,307.5500001,-4.89999992,2018-05-30,0.361169428,-1.568250895,,,,,,3.978522115,2018-05-30,315.5070443,299.5929558,307.5500001,313.5784739,0
2018-03-01,312.45,309.1499999,-3.300000144,2018-05-31,0.236868829,-1.056169033,,,,,,4.038887443,2018-05-31,317.2277747,301.072225,309.1499999,313.1900967,0
2018-03-02,308.15,311.4000001,3.250000062,2018-06-01,1.775397658,1.054681182,,,,,,3.966347016,2018-06-01,319.3326941,303.467306,311.4000001,313.6208879,1
2018-03-05,303.85,313.1499998,9.299999793,2018-06-04,2.908680439,3.060720682,,,,,,3.697512807,2018-06-04,320.5450254,305.7549742,313.1499998,312.6880255,1
2018-03-06,310.3,313.75,3.44999997,2018-06-05,2.075915098,1.111827254,,,,,,3.643728642,2018-06-05,321.0374573,306.4625427,313.75,316.7415645,1
2018-03-07,310.45,313.7500001,3.300000118,2018-06-06,0.323363841,1.062973142,,,,,,3.591860624,2018-06-06,320.9337214,306.5662789,313.7500001,311.453883,1
2018-03-08,313.6,316.85,3.249999992,2018-06-07,0.48715502,1.036352038,,,,,,3.583869276,2018-06-07,324.0177385,309.6822614,316.85,315.1277181,1
2018-03-09,317.1,313.3000002,3.799999831,2018-06-08,-0.854773998,-1.198360085,,,,,,3.593554426,2018-06-08,320.487109,306.1128913,313.3000002,314.3895117,1
2018-03-12,320.1,316.1500001,-3.949999935,2018-06-11,2.014429808,-1.233989358,,,,,,3.552109002,2018-06-11,323.2542181,309.0457821,316.1500001,326.5481898,0
2018-03-13,321.5,315.6499998,-5.850000158,2018-06-12,1.025155663,-1.819595695,,,,,,3.476035402,2018-06-12,322.6020706,308.697929,315.6499998,324.7958755,0
2018-03-14,321.55,315.6500001,5.899999891,2018-06-13,-1.300815582,-1.834862351,,,,,,3.394454612,2018-06-13,322.4389093,308.8610909,315.6500001,317.3672275,1
2018-03-15,322.85,310.3999997,12.45000027,2018-06-14,-1.328509927,-3.856280088,,,,,,3.324613193,2018-06-14,317.0492261,303.7507733,310.3999997,318.5609057,0
2018-03-16,322,309.1999998,12.80000024,2018-06-15,-1.710716486,-3.975155354,,,,,,3.301953821,2018-06-15,315.8039074,302.5960921,309.1999998,316.4914929,0
2018-03-19,319.85,305.8499997,14.00000028,2018-06-18,-0.089951023,-4.37705183,,,,,,3.442615425,2018-06-18,312.7352306,298.9647689,305.8499997,319.5622917,0
2018-03-20,321.3,301.35,19.94999996,2018-06-19,-0.488299787,-6.209150314,,,,,,3.740512036,2018-06-19,308.8310241,293.868976,301.35,319.7310928,0
2018-03-21,321.6,304.2000005,17.39999947,2018-06-20,-2.826435089,-5.410447598,,,,,,3.852936255,2018-06-20,311.905873,296.494128,304.2000005,312.5101848,0
2018-03-22,322.1,300.7499993,21.35000065,2018-06-21,-4.919377327,-6.628376484,,,,,,4.083849964,2018-06-21,308.9176993,292.5822994,300.7499993,306.2546856,1
2018-03-23,311.5,303.6500003,-7.84999972,2018-06-22,5.050571442,-2.520064116,,,,,,4.270952734,2018-06-22,312.1919057,295.1080948,303.6500003,327.23253,0
2018-03-26,314.5,303.2500001,-11.24999987,2018-06-25,4.223218441,-3.577106476,,,,,,4.469073482,2018-06-25,312.1881471,294.3118532,303.2500001,327.782022,0
2018-03-27,315.15,302.4000003,12.74999974,2018-06-26,-0.711855531,-4.045692444,,,,,,4.679889078,2018-06-26,311.7597784,293.0402221,302.4000003,312.9065873,0
2018-03-28,310.65,301.5499997,9.10000028,2018-06-27,-0.162711605,-2.929341793,,,,,,4.898046731,2018-06-27,311.3460932,291.7539063,301.5499997,310.1445364,1
2018-03-29,314.45,299.0999995,15.35000047,2018-06-28,-8.287414551,-4.881539345,,,,,,5.20590537,2018-06-28,309.5118103,288.6881888,299.0999995,288.3902249,0
2018-03-30,314.55,300.0000001,14.54999985,2018-06-29,-3.385485411,-4.625655651,,,,,,5.451422053,2018-06-29,310.9028443,289.097156,300.0000001,303.9009556,1
2018-04-02,313.45,292.9000005,-20.54999945,2018-07-02,3.024376392,-6.556069374,,,,,,5.989417551,2018-07-02,304.8788356,280.9211654,292.9000005,322.9299078,0
2018-04-03,312.8,293.7500007,19.04999926,2018-07-03,-0.867111027,-6.090153217,,,,,,6.429470534,2018-07-03,306.6089418,280.8910597,293.7500007,310.0876767,0
2018-04-04,307.55,292.5499994,-15.00000057,2018-07-04,1.800655723,-4.877255917,,,,,,6.857853794,2018-07-04,306.265707,278.8342918,292.5499994,313.0879167,0
2018-04-05,312.95,291.9999996,20.95000042,2018-07-05,-4.870221615,-6.694360256,,,,,,7.294615539,2018-07-05,306.5892307,277.4107685,291.9999996,297.7086415,1
,,,,,,,,,,,,,,,,,,0.5
